,author,alias,title,date,ip,city,country,ups,downs,comments,url,file,seg_text,seg_pos,tag
0,applebg,Noble Wolf,Re: [討論] 我就問，刷題強者的實務表現?,2022-10-01 21:10:43,220.134.5.239,New Taipei,Taiwan,8,3,93,https://www.ptt.cc/bbs/Soft_Job/M.1664629846.A.195.html,Soft_Job_2022_10,討論 我 問 刷 題 強者 實務 表現,VE Nh VE Na Na Na Na VC,討論
1,sxy67230,charlesgg,"Re: [心得] 如果可以, 真的建議試試看新創公司",2022-10-01 16:10:30,219.71.52.230,New Taipei,Taiwan,7,1,7,https://www.ptt.cc/bbs/Soft_Job/M.1664611832.A.B8C.html,Soft_Job_2022_10,心得 建議 試試 新創 公司,Na VE VE Nv Nc,心得
2,samshin95,三大法人有四個,[請益] 非本科Offer請益,2022-10-05 16:58:27,49.215.10.107,,Taiwan,14,0,20,https://www.ptt.cc/bbs/Soft_Job/M.1664960309.A.E13.html,Soft_Job_2022_10,請益 非 本 科 請益,VB VG Nes Na VB,請益
3,serenitynice,cregryrm,Re: [討論] 我就問，刷題強者的實務表現?,2022-10-10 07:23:56,223.137.85.22,New Taipei,Taiwan,1,5,0,https://www.ptt.cc/bbs/Soft_Job/M.1665357838.A.E6F.html,Soft_Job_2022_10,討論 我 問 刷 題 強者 實務 表現,VE Nh VE Na Na Na Na VC,討論
4,yukimatoi,纏,[請益] Leetcode rating 卡在 1700~1800,2022-10-09 19:43:42,36.231.69.17,New Taipei,Taiwan,9,0,26,https://www.ptt.cc/bbs/Soft_Job/M.1665315824.A.F99.html,Soft_Job_2022_10,請益  卡,VB Na,請益
5,seanwu,winesap,Re: [討論] 如何最大化工作成果?,2022-10-09 00:16:03,125.229.71.95,,Taiwan,12,0,1,https://www.ptt.cc/bbs/Soft_Job/M.1665245768.A.64F.html,Soft_Job_2022_10,討論 最大化 工作 成果,VE VHC Na Na,討論
6,overcame,然後就,[請益]非本科轉職仔offer選擇,2022-10-08 21:14:12,218.166.58.113,Kaohsiung City,Taiwan,26,2,46,https://www.ptt.cc/bbs/Soft_Job/M.1665234858.A.C38.html,Soft_Job_2022_10,請益 非 本 科 轉職仔 選擇,VB VG Nes Na Na VC,請益
7,w180112,[NOOB]我超RETARD我超廢 ,Re: [討論] 我就問，刷題強者的實務表現?,2022-10-08 19:04:53,122.11.214.190,Singapore,Singapore,4,0,8,https://www.ptt.cc/bbs/Soft_Job/M.1665227095.A.8BF.html,Soft_Job_2022_10,討論 我 問 刷 題 強者 實務 表現,VE Nh VE Na Na Na Na VC,討論
8,school5566,千年大嫌者,Re: [討論] 我就問，刷 Leetcode 的表現?,2022-10-07 10:19:11,42.70.134.139,,Taiwan,6,7,11,https://www.ptt.cc/bbs/Soft_Job/M.1665109153.A.1DE.html,Soft_Job_2022_10,討論 我 問 刷 表現,VE Nh VE VC Na,討論
9,joshua5201,炸蝦,Re: [討論] 我就問，刷題強者的實務表現?,2022-10-06 09:57:03,60.73.25.88,Tokyo,Japan,16,4,30,https://www.ptt.cc/bbs/Soft_Job/M.1665021425.A.B6A.html,Soft_Job_2022_10,討論 我 問 刷 題 強者 實務 表現,VE Nh VE Na Na Na Na VC,討論
10,fshfsh,魚~*,Re: [討論] 我就問，刷題強者的實務表現?,2022-10-06 07:56:31,123.193.252.168,New Taipei,Taiwan,31,3,96,https://www.ptt.cc/bbs/Soft_Job/M.1665014195.A.798.html,Soft_Job_2022_10,討論 我 問 刷 題 強者 實務 表現,VE Nh VE Na Na Na Na VC,討論
11,Voltaire3756,Voltaire_young,[討論] 如何最大化工作成果?,2022-10-06 05:39:29,114.43.176.134,New Taipei,Taiwan,7,1,10,https://www.ptt.cc/bbs/Soft_Job/M.1665005971.A.AA8.html,Soft_Job_2022_10,討論 最大化 工作 成果,VE VHC Na Na,討論
12,NewSpec,新規格,Re: [討論] 我就問，刷題強者的實務表現?,2022-10-06 01:54:29,220.141.59.103,New Taipei,Taiwan,25,11,44,https://www.ptt.cc/bbs/Soft_Job/M.1664992471.A.5A2.html,Soft_Job_2022_10,討論 我 問 刷 題 強者 實務 表現,VE Nh VE Na Na Na Na VC,討論
13,shinew13,Caffrey,Re: [徵才] 內推阿聯AI企業,2022-10-06 00:27:22,5.194.161.107,Abu Dhabi,United Arab Emirates,26,0,6,https://www.ptt.cc/bbs/Soft_Job/M.1664987248.A.F74.html,Soft_Job_2022_10,徵才 內 推 阿聯 企業,VA Ncd VC Nb Na,徵才
14,Hsins,迅雷不及掩耳盜鈴,Re: [討論] 我就問，刷題強者的實務表現?,2022-10-05 13:01:20,223.141.109.67,Chenggong,Taiwan,25,1,117,https://www.ptt.cc/bbs/Soft_Job/M.1664946084.A.661.html,Soft_Job_2022_10,討論 我 問 刷 題 強者 實務 表現,VE Nh VE Na Na Na Na VC,討論
15,cateran,雲川閒步,Re: [討論] 我就問，刷題強者的實務表現?,2022-10-05 12:43:02,100.17.19.8,Bedford,United States,4,0,3,https://www.ptt.cc/bbs/Soft_Job/M.1664944984.A.D2D.html,Soft_Job_2022_10,討論 我 問 刷 題 強者 實務 表現,VE Nh VE Na Na Na Na VC,討論
16,allenh0728,allen,Re: [討論] 我就問，刷題強者的實務表現?,2022-10-04 23:57:02,38.34.61.237,Toronto,Canada,8,1,67,https://www.ptt.cc/bbs/Soft_Job/M.1664899024.A.888.html,Soft_Job_2022_10,討論 我 問 刷 題 強者 實務 表現,VE Nh VE Na Na Na Na VC,討論
17,CaptainH,Cannon,Re: [討論] 我就問，刷題強者的實務表現?,2022-10-04 15:57:23,112.78.67.16,,Taiwan,7,0,12,https://www.ptt.cc/bbs/Soft_Job/M.1664870245.A.300.html,Soft_Job_2022_10,討論 我 問 刷 題 強者 實務 表現,VE Nh VE Na Na Na Na VC,討論
18,shinew13,Caffrey,[徵才] 內推阿聯AI企業,2022-10-04 04:46:43,5.194.163.211,Abu Dhabi,United Arab Emirates,18,2,16,https://www.ptt.cc/bbs/Soft_Job/M.1664830008.A.A63.html,Soft_Job_2022_10,徵才 內 推 阿聯 企業,VA Ncd VC Nb Na,徵才
19,SZBZ,北投金城武,[情報] 金融科技自動交易訓練班-政府補助(遠距),2022-10-03 17:38:20,59.115.188.209,New Taipei,Taiwan,1,1,1,https://www.ptt.cc/bbs/Soft_Job/M.1664789901.A.4B6.html,Soft_Job_2022_10,情報 金融 科技 自動 交易 訓練班 政府 補助 遠距,Na Na Na VH Na Nc Na VD A,情報
20,Hsins,迅雷不及掩耳盜鈴,Re: [討論] 我就問，刷題強者的實務表現?,2022-10-03 17:31:58,223.141.109.67,Chenggong,Taiwan,20,0,34,https://www.ptt.cc/bbs/Soft_Job/M.1664789520.A.1ED.html,Soft_Job_2022_10,討論 我 問 刷 題 強者 實務 表現,VE Nh VE Na Na Na Na VC,討論
21,handsomeLin,NickLin,Re: [討論] 我就問，刷題強者的實務表現?,2022-10-03 12:45:13,73.223.76.212,San Jose,United States,24,1,95,https://www.ptt.cc/bbs/Soft_Job/M.1664772316.A.EF2.html,Soft_Job_2022_10,討論 我 問 刷 題 強者 實務 表現,VE Nh VE Na Na Na Na VC,討論
22,forself,無所得、故有,Re: [討論] 我就問，刷題強者的實務表現?,2022-10-03 11:26:10,1.200.249.63,,Taiwan,4,0,33,https://www.ptt.cc/bbs/Soft_Job/M.1664767572.A.A4D.html,Soft_Job_2022_10,討論 我 問 刷 題 強者 實務 表現,VE Nh VE Na Na Na Na VC,討論
23,w180112,[NOOB]我超RETARD我超廢 ,Re: [討論] 我就問，刷題強者的實務表現?,2022-10-03 00:21:42,114.36.206.197,Taoyuan District,Taiwan,18,1,43,https://www.ptt.cc/bbs/Soft_Job/M.1664727704.A.AFF.html,Soft_Job_2022_10,討論 我 問 刷 題 強者 實務 表現,VE Nh VE Na Na Na Na VC,討論
24,jj0321,JJ與你倒數唷,Re: [討論] 我就問，刷題強者的實務表現?,2022-10-02 20:12:19,114.40.65.247,Tainan City,Taiwan,8,0,39,https://www.ptt.cc/bbs/Soft_Job/M.1664712744.A.B08.html,Soft_Job_2022_10,討論 我 問 刷 題 強者 實務 表現,VE Nh VE Na Na Na Na VC,討論
25,yingya,長統靴的貓,[推薦] Flutterflow討論群組歡迎加入,2022-10-02 19:06:56,114.137.181.222,Taoyuan District,Taiwan,0,1,0,https://www.ptt.cc/bbs/Soft_Job/M.1664708819.A.11E.html,Soft_Job_2022_10,推薦 討論 群組 歡迎 加入,VC VE Na VJ VC,推薦
26,zanyking,最後的六年級生,Re: [請益] 非本科Java第一份工作問題（代PO),2022-10-02 16:51:23,123.194.158.240,New Taipei,Taiwan,4,0,0,https://www.ptt.cc/bbs/Soft_Job/M.1664700696.A.892.html,Soft_Job_2022_10,請益 非 本科 第一 份 工作 問題 代,VB VG Nes Neu Nf Na Na Na,請益
27,porn5566,好色56,Re: [討論] 我就問，刷題強者的實務表現?,2022-10-02 15:28:00,73.158.155.19,Sunnyvale,United States,16,6,10,https://www.ptt.cc/bbs/Soft_Job/M.1664695682.A.B62.html,Soft_Job_2022_10,討論 我 問 刷 題 強者 實務 表現,VE Nh VE Na Na Na Na VC,討論
28,oopFoo,3d,Re: [討論] 我就問，刷題強者的實務表現?,2022-10-02 13:04:25,36.224.208.159,New Taipei,Taiwan,10,2,28,https://www.ptt.cc/bbs/Soft_Job/M.1664687076.A.043.html,Soft_Job_2022_10,討論 我 問 刷 題 強者 實務 表現,VE Nh VE Na Na Na Na VC,討論
29,ssss8564,黃小花,[請益] 非本科Java第一份工作問題（代PO),2022-10-02 12:59:50,49.216.90.65,Tainan City,Taiwan,3,0,8,https://www.ptt.cc/bbs/Soft_Job/M.1664686792.A.524.html,Soft_Job_2022_10,請益 非 本 科 第一 份 工作 問題 代,VB VG Nes Na Neu Nf Na Na VC,請益
30,yamakazi,大安吳彥祖,[討論] 不想刷題找不用刷題的公司就好了吧,2022-10-02 10:47:52,61.230.200.117,New Taipei,Taiwan,21,2,79,https://www.ptt.cc/bbs/Soft_Job/M.1664678876.A.207.html,Soft_Job_2022_10,討論 想 刷 題 找 刷 題 公司,VE VE VC Na VC VC Na Nc,討論
31,Ericz7000,,Re: [討論] 我就問，刷題強者的實務表現?,2022-10-02 06:18:38,172.58.35.137,Stockton,United States,15,5,110,https://www.ptt.cc/bbs/Soft_Job/M.1664662720.A.640.html,Soft_Job_2022_10,討論 我 問 刷 題 強者 實務 表現,VE Nh VE Na Na Na Na VC,討論
32,Qoo2,科技業魯蛇王,Re: [討論] 我就問，刷題強者的實務表現?,2022-10-02 04:51:27,104.132.7.81,San Jose,United States,2,1,13,https://www.ptt.cc/bbs/Soft_Job/M.1664657489.A.2B1.html,Soft_Job_2022_10,討論 我 問 刷 題 強者 實務 表現,VE Nh VE Na Na Na Na VC,討論
33,wengeniusgod,玻璃77,Re: [討論] 我就問，刷題強者的實務表現?,2022-10-01 12:11:28,70.249.168.178,Milpitas,United States,26,0,76,https://www.ptt.cc/bbs/Soft_Job/M.1664597490.A.E82.html,Soft_Job_2022_10,討論 我 問 刷 題 強者 實務 表現,VE Nh VE Na Na Na Na VC,討論
34,tnfsh23,小霖,[請益] 非本科轉職請益,2022-08-31 00:25:17,223.140.226.162,Taichung,Taiwan,37,1,63,https://www.ptt.cc/bbs/Soft_Job/M.1661876719.A.4F4.html,Soft_Job_2022_8,請益 非 本 科 轉職 請益,VB VG Nes Nc VA VB,請益
35,Findagreen,天母克魯蛇,[請益] Data Analyst跟Data Scientist差很多嗎？,2022-08-30 23:03:48,106.146.23.174,,Japan,22,0,37,https://www.ptt.cc/bbs/Soft_Job/M.1661871830.A.982.html,Soft_Job_2022_8,請益 差 很多,VB VH Neqa,請益
36,chopinmozart,aha,[請益] Innova 英諾瓦資訊,2022-08-30 19:20:35,124.218.37.52,New Taipei,Taiwan,5,0,7,https://www.ptt.cc/bbs/Soft_Job/M.1661858437.A.06B.html,Soft_Job_2022_8,請益 英諾瓦 資訊,VB Nc Na,請益
37,iamgoat,何謂人篸,[請益] 非本科offer請益,2022-08-30 12:43:15,42.79.118.77,,Taiwan,14,2,30,https://www.ptt.cc/bbs/Soft_Job/M.1661834597.A.F4A.html,Soft_Job_2022_8,請益 非 本 科 請益,VB VG Nes Na VB,請益
38,windofsmile,微笑之風,[請益] 博弈業相關疑問及Offer請益,2022-08-30 08:56:56,59.127.206.174,Kaohsiung City,Taiwan,48,1,77,https://www.ptt.cc/bbs/Soft_Job/M.1661821018.A.37A.html,Soft_Job_2022_8,請益 博弈業 相關 疑問 請益,VB Na VH Na VB,請益
39,zxzxcool,電T,Re: [心得] Netskope面試(2022),2022-08-30 01:15:31,123.192.64.99,New Taipei,Taiwan,21,0,9,https://www.ptt.cc/bbs/Soft_Job/M.1661793334.A.BAA.html,Soft_Job_2022_8,心得 面試 2022),Na VC Neu,心得
40,u4u4,荔枝,[請益] 非本科的就業準備方向？,2022-08-30 00:51:45,27.53.224.9,,Taiwan,15,1,35,https://www.ptt.cc/bbs/Soft_Job/M.1661791907.A.E74.html,Soft_Job_2022_8,請益 非 本 科 就業 準備 方向,VB VG Nes Nc Nv VC Na,請益
41,otherman,總經理,[贈送] 程式相關書籍 ,2022-08-28 17:40:08,1.165.96.35,Taichung,Taiwan,10,1,4,https://www.ptt.cc/bbs/Soft_Job/M.1661679610.A.875.html,Soft_Job_2022_8,贈送 程式 相關 書籍,VD Na VH Na,贈送
42,ilovedc74,ilovedc74,Fw: [徵求] 北商大會計資訊系陸裕豪老師誠徵兼任研究助理,2022-08-28 16:25:45,123.193.214.153,New Taipei,Taiwan,3,0,4,https://www.ptt.cc/bbs/Soft_Job/M.1661675146.A.B4B.html,Soft_Job_2022_8,徵求 北商大 會計 資訊系 陸裕豪 老師 誠徵 兼任 研究 助理,VC Nc Na Nc Nb Na VC Nv Nv Na,徵求
43,bdyjkb,bdyjkb,[徵才] Kronos Research 徵 Senior Full-Stack S,2022-08-27 15:49:40,49.216.132.30,New Taipei,Taiwan,21,2,21,https://www.ptt.cc/bbs/Soft_Job/M.1661586583.A.FCC.html,Soft_Job_2022_8,徵才 徵,VA VC,徵才
44,lovdkkkk,dk,Re: [討論] 怎樣算是一個合格的junior cpp programme,2022-08-27 11:03:27,111.241.125.108,New Taipei,Taiwan,1,0,0,https://www.ptt.cc/bbs/Soft_Job/M.1661569409.A.5BB.html,Soft_Job_2022_8,討論 算是 一 個 合格,VE VG Neu Nf VH,討論
45,wsad50232,GGYY,Re: [請益] 業界遇到這種bug該怎麼處理?,2022-08-27 08:37:50,36.229.38.223,Hsinchu County,Taiwan,12,2,18,https://www.ptt.cc/bbs/Soft_Job/M.1661560672.A.836.html,Soft_Job_2022_8,請益 業界 遇到 這 種 處理,VB Nc VC Nep Nf VC,請益
46,SZBZ,北投金城武,[情報] 金融科技自動交易訓練班-政府補助(遠距),2022-08-26 14:31:24,59.115.192.204,New Taipei,Taiwan,0,0,0,https://www.ptt.cc/bbs/Soft_Job/M.1661495485.A.952.html,Soft_Job_2022_8,情報 金融 科技 自動 交易 訓練班 政府 補助 遠距,Na Na Na VH Na Nc Na VD A,情報
47,banana2014,香蕉共和國,[請益] 業界遇到這種bug該怎麼處理?,2022-08-26 13:24:20,36.226.110.67,Hsinchu,Taiwan,26,2,68,https://www.ptt.cc/bbs/Soft_Job/M.1661491462.A.11E.html,Soft_Job_2022_8,請益 業界 遇到 這 種 處理,VB Nc VC Nep Nf VC,請益
48,Voltaire3756,Voltaire_young,[請益] 離職理由與面試應答請益,2022-08-26 02:38:45,114.43.192.51,New Taipei,Taiwan,14,1,44,https://www.ptt.cc/bbs/Soft_Job/M.1661452727.A.700.html,Soft_Job_2022_8,請益 離職 理由 面試 應答 請益,VB VH Na VC Nv VB,請益
49,nns327,nns,[請益] 實際工作與面試時不同,2022-08-25 23:45:35,212.102.42.212,Central,Hong Kong,22,0,65,https://www.ptt.cc/bbs/Soft_Job/M.1661442337.A.4B1.html,Soft_Job_2022_8,請益 實際 工作 面試 時 不同,VB VH Na VC Ng VH,請益
50,vuijeod,寂寞如雪,[請益] 關於Google Intel 等 大廠,2022-08-25 21:12:07,119.77.232.220,New Taipei,Taiwan,20,1,20,https://www.ptt.cc/bbs/Soft_Job/M.1661433129.A.CC4.html,Soft_Job_2022_8,請益 大 廠,VB VH Nc,請益
51,art1,人，原來不是人,Re: [討論] 怎樣算是一個合格的junior cpp programme,2022-08-25 20:53:46,218.173.18.88,Kaohsiung City,Taiwan,3,0,3,https://www.ptt.cc/bbs/Soft_Job/M.1661432028.A.2E0.html,Soft_Job_2022_8,討論 算是 一 個 合格,VE VG Neu Nf VH,討論
52,ericerix,我的帥，在於臉,[討論] OS的程式碼要怎麼trace比較有效率？,2022-08-31 22:53:34,49.216.55.170,New Taipei,Taiwan,14,0,31,https://www.ptt.cc/bbs/Soft_Job/M.1661957617.A.C2B.html,Soft_Job_2022_8,討論 程式碼 有 效率,VE Na V_2 Na,討論
53,bird2246,嗚拉拉大白,轉職後端考照請益,2022-08-31 17:34:53,223.136.13.32,New Taipei,Taiwan,19,1,19,https://www.ptt.cc/bbs/Soft_Job/M.1661938495.A.913.html,Soft_Job_2022_8,轉職 後 端 考照 請益,VA Ncd Ncd VA VB,
54,aoksc,重出江湖,Re: [請益] 博弈業相關疑問及Offer請益,2022-08-31 02:12:01,114.43.182.23,New Taipei,Taiwan,23,0,30,https://www.ptt.cc/bbs/Soft_Job/M.1661883123.A.F61.html,Soft_Job_2022_8,請益 博弈業 相關 疑問 請益,VB Na VH Na VB,請益
55,NDark,溺於黑暗,Re: [討論] 怎樣算是一個合格的junior cpp programme,2022-08-24 23:22:02,1.169.35.216,New Taipei,Taiwan,4,0,27,https://www.ptt.cc/bbs/Soft_Job/M.1661354528.A.5F0.html,Soft_Job_2022_8,討論 算是 一 個 合格,VE VG Neu Nf VH,討論
56,HZYSoft,PCMan,Re: [討論] 怎樣算是一個合格的junior cpp programme,2022-08-24 22:17:41,111.249.189.4,New Taipei,Taiwan,23,0,51,https://www.ptt.cc/bbs/Soft_Job/M.1661350664.A.083.html,Soft_Job_2022_8,討論 算是 一 個 合格,VE VG Neu Nf VH,討論
57,kero961240,kobe,[請益] 網際優勢這家公司請益,2022-09-16 09:59:34,42.77.76.76,New Taipei,Taiwan,9,0,7,https://www.ptt.cc/bbs/Soft_Job/M.1663293576.A.AD4.html,Soft_Job_2022_9,請益 網際 優勢 這 家 公司 請益,VB Nc Na Nep Nf Nc VB,請益
58,elements,元素,Re: [討論] 10年前資工畢業生留在軟體業的多嗎,2022-09-16 06:57:15,94.140.8.105,,Germany,6,0,7,https://www.ptt.cc/bbs/Soft_Job/M.1663282637.A.A6A.html,Soft_Job_2022_9,討論 年 前 資工 畢業生 留在 軟體業 多,VE Nf Ng Na Na VCL Na VH,討論
59,Kuba4ma,,[討論] 10年前資工畢業生留在軟體業的多嗎,2022-09-15 21:04:00,203.204.54.161,New Taipei,Taiwan,6,3,27,https://www.ptt.cc/bbs/Soft_Job/M.1663247042.A.96F.html,Soft_Job_2022_9,討論 年 前 資工 畢業生 留在 軟體業 多,VE Nf Ng Na Na VCL Na VH,討論
60,meteor007,meteor007是：,[請益] 面試時的作業,2022-09-15 20:39:12,42.74.58.98,Hsinchu,Taiwan,19,1,51,https://www.ptt.cc/bbs/Soft_Job/M.1663245554.A.DC5.html,Soft_Job_2022_9,請益 面試 時 作業,VB VC Ng Na,請益
61,nuphoto,nuphoto,[徵才] 遠端: 前端及全端 網頁工程師 研替可,2022-09-15 07:25:48,60.250.207.240,Hsinchu,Taiwan,5,0,4,https://www.ptt.cc/bbs/Soft_Job/M.1663197950.A.57B.html,Soft_Job_2022_9,徵才 遠端 前端 全 端 網頁 工程師,VA Nc Ncd Neqa Ncd Na Na,徵才
62,Geison,Angels,[心得] 各位程式設計師節快樂,2022-09-14 17:56:55,101.12.102.239,New Taipei,Taiwan,5,5,5,https://www.ptt.cc/bbs/Soft_Job/M.1663149417.A.3A4.html,Soft_Job_2022_9,心得 各位 程式 設計師 節 快樂,Na Nes Na Nd Nd VH,心得
63,jjjssst,三條丁,[徵才] Unity 遊戲開發工程師(50K up/2-3y),2022-09-14 17:52:41,123.192.245.190,Taichung,Taiwan,6,0,5,https://www.ptt.cc/bbs/Soft_Job/M.1663149164.A.BEF.html,Soft_Job_2022_9,徵才 遊戲 開發 工程師 50,VA Na VC Na Neu,徵才
64,rewrite0604,馬來貘,[問卷]中小企業主管／新創工作者之生活品質研究,2022-09-14 15:22:36,59.126.224.125,Taichung,Taiwan,0,0,0,https://www.ptt.cc/bbs/Soft_Job/M.1663140158.A.ED2.html,Soft_Job_2022_9,問卷 中小企業 主管 新創 工作者 生活 品質 研究,Na Na Na VC Na Na Na VE,問卷
65,t8290,Boba,[徵才] YC新創公司徵區塊鏈Data Infra工程師,2022-09-14 13:23:37,14.136.192.133,Central,Hong Kong,0,1,2,https://www.ptt.cc/bbs/Soft_Job/M.1663133021.A.C2E.html,Soft_Job_2022_9,徵才 新創 公司 徵 區塊鏈 工程師,VA VC Nc VC Na Na,徵才
66,neverfar,OctSwan,[請益] 轉職軟體業PM和Sales請益,2022-09-13 13:48:54,114.43.207.114,New Taipei,Taiwan,1,1,11,https://www.ptt.cc/bbs/Soft_Job/M.1663048136.A.019.html,Soft_Job_2022_9,請益 轉職 軟體業 請益,VB VA Na VB,請益
67,victorman881,蘋果西打,[請益] 該從RD轉PM嗎？,2022-09-12 21:25:17,223.136.106.91,New Taipei,Taiwan,43,1,91,https://www.ptt.cc/bbs/Soft_Job/M.1662989119.A.75E.html,Soft_Job_2022_9,請益 轉,VB VC,請益
68,pelicanper,派立肯,Re: [請益] Data Analyst跟Data Scientist差很多嗎？,2022-09-12 07:50:21,121.99.177.32,Auckland,New Zealand,4,0,0,https://www.ptt.cc/bbs/Soft_Job/M.1662940225.A.A0A.html,Soft_Job_2022_9,請益 差 很多,VB VH Neqa,請益
69,allenh0728,allen,[請益] 台灣軟體工程師薪資跟待遇,2022-09-11 04:44:27,72.143.192.12,Toronto,Canada,33,0,57,https://www.ptt.cc/bbs/Soft_Job/M.1662842669.A.E0A.html,Soft_Job_2022_9,請益 台灣 軟體 工程師 薪資 待遇,VB Nc Na Na Na Na,請益
70,rogerforreal,從前有座山,[心得] 2021/22 美國SWE實習與正職求職心得,2022-09-22 12:11:11,98.42.216.181,,United States,84,1,5,https://www.ptt.cc/bbs/Soft_Job/M.1663819877.A.576.html,Soft_Job_2022_9,心得 美國 實習 正職 求職 心得,Na Nc VA VH VA Na,心得
71,stanley171,劍魔之煞,[心得] 美國軟體工程師 薪資結構,2022-09-22 11:33:36,216.107.222.98,Lewiston,United States,31,1,15,https://www.ptt.cc/bbs/Soft_Job/M.1663817618.A.CB0.html,Soft_Job_2022_9,心得 美國 軟體 工程師 薪資 結構,Na Nc Na Na Na Na,心得
72,myfamily,我全家,[請益] 非本科Offer請益(代PO),2022-09-30 20:33:49,1.160.96.248,Taoyuan District,Taiwan,12,1,5,https://www.ptt.cc/bbs/Soft_Job/M.1664541231.A.87E.html,Soft_Job_2022_9,請益 非 本 科 請益 代,VB VG Nes Na VB Na,請益
73,truesword, ,Re: [請益] 移居中國大陸 求職闖天下 誰是利劍?,2022-09-30 14:44:47,43.245.222.32,Central,Hong Kong,15,13,57,https://www.ptt.cc/bbs/Soft_Job/M.1664520291.A.121.html,Soft_Job_2022_9,請益 移居 中國 大陸 求職 闖 天下 誰 利 劍,VB VCL Nc Nc VA VC Nc Nh Na Na,請益
74,zanyking,最後的六年級生,"Re: [心得] 如果可以, 真的建議試試看新創公司",2022-09-30 07:30:35,123.194.158.240,New Taipei,Taiwan,19,0,19,https://www.ptt.cc/bbs/Soft_Job/M.1664494238.A.019.html,Soft_Job_2022_9,心得 建議 試試 新創 公司,Na VE VE Nv Nc,心得
75,hegemon,hegemon,"Re: [心得] 如果可以, 真的建議試試看新創公司",2022-09-29 15:39:58,114.137.157.6,Hsinchu,Taiwan,14,7,53,https://www.ptt.cc/bbs/Soft_Job/M.1664437201.A.728.html,Soft_Job_2022_9,心得 建議 試試 新創 公司,Na VE VE Nv Nc,心得
76,u4u4,荔枝,[請益] 非本科 資工碩日間/在職？,2022-09-28 21:47:26,114.25.73.204,New Taipei,Taiwan,6,0,22,https://www.ptt.cc/bbs/Soft_Job/M.1664372848.A.7E3.html,Soft_Job_2022_9,請益 非 本 科 資工 碩 日間 在職,VB VG Nes Nc Na Na Nd VH,請益
77,hegemon,hegemon,"Re: [心得] 如果可以, 真的建議試試看新創公司",2022-09-28 18:39:32,114.137.233.225,Hsinchu,Taiwan,29,1,40,https://www.ptt.cc/bbs/Soft_Job/M.1664361576.A.66D.html,Soft_Job_2022_9,心得 建議 試試 新創 公司,Na VE VE Nv Nc,心得
78,Hitripod,Hitripod,"[心得] 如果可以, 真的建議試試看新創公司",2022-09-27 21:36:34,42.72.238.52,Hsinchu,Taiwan,12,43,65,https://www.ptt.cc/bbs/Soft_Job/M.1664285796.A.225.html,Soft_Job_2022_9,心得 建議 試試 新創 公司,Na VE VE Nv Nc,心得
79,Tesarus,提姆休斯,[問卷] 居家工作者睡眠研究,2022-09-27 17:38:10,122.116.101.218,New Taipei,Taiwan,0,0,6,https://www.ptt.cc/bbs/Soft_Job/M.1664271492.A.42E.html,Soft_Job_2022_9,問卷 居家 工作者 睡眠 研究,Na Na Na Na VE,問卷
80,ousapas,komica123,Re: [討論] 我就問，刷 Leetcode 的表現?,2022-09-27 17:03:48,223.137.10.95,New Taipei,Taiwan,3,1,14,https://www.ptt.cc/bbs/Soft_Job/M.1664269430.A.DB7.html,Soft_Job_2022_9,討論 我 問 刷 表現,VE Nh VE VC Na,討論
81,applebg,Noble Wolf,[請益] 軟體業現在生態,2022-09-27 15:47:26,220.134.5.239,New Taipei,Taiwan,4,13,9,https://www.ptt.cc/bbs/Soft_Job/M.1664264849.A.C23.html,Soft_Job_2022_9,請益 軟體業 現在 生態,VB Na Nd Na,請益
82,w0005151,藍廳,Re: [討論] 我就問，刷題強者的實務表現?,2022-09-27 14:29:11,220.136.36.173,New Taipei,Taiwan,7,0,21,https://www.ptt.cc/bbs/Soft_Job/M.1664260153.A.4BC.html,Soft_Job_2022_9,討論 我 問 刷 題 強者 實務 表現,VE Nh VE Na Na Na Na VC,討論
83,EricTCartman,阿ㄆㄧㄚˇ,Re: [討論] 我就問，刷題強者的實務表現?,2022-09-27 09:05:27,62.197.146.37,Ashburn,United States,42,1,25,https://www.ptt.cc/bbs/Soft_Job/M.1664240729.A.729.html,Soft_Job_2022_9,討論 我 問 刷 題 強者 實務 表現,VE Nh VE Na Na Na Na VC,討論
84,goodson,blahblah,[討論] 我就問，刷 Leetcode 的表現?,2022-09-26 20:08:22,114.36.46.212,Hualien City,Taiwan,69,26,176,https://www.ptt.cc/bbs/Soft_Job/M.1664194104.A.59C.html,Soft_Job_2022_9,討論 我 問 刷 表現,VE Nh VE VC Na,討論
85,alfven,王英丸,[請益] 有適合用在生產環境的虛擬機嗎?,2022-09-26 12:15:02,36.224.233.250,New Taipei,Taiwan,33,0,31,https://www.ptt.cc/bbs/Soft_Job/M.1664165704.A.BD0.html,Soft_Job_2022_9,請益 有 適合 用 生產 環境 虛擬機,VB V_2 VH VC Nv Na Na,請益
86,shwu11,shwu11,[請益] 轉職如何海投小公司,2022-09-25 19:42:09,124.218.88.107,Kaohsiung City,Taiwan,28,1,102,https://www.ptt.cc/bbs/Soft_Job/M.1664106131.A.34A.html,Soft_Job_2022_9,請益 轉職 海投 小 公司,VB VA VA VH Nc,請益
87,b122771,躺平的韭菜,Fw: [請益] 想請問資策會推薦大數據還是JAVA班,2022-09-25 17:30:03,114.44.117.112,New Taipei,Taiwan,11,0,38,https://www.ptt.cc/bbs/Soft_Job/M.1664098204.A.57C.html,Soft_Job_2022_9,請益 想 請問 資策會 推薦 大 數據 班,VB VE VE Nc VC VH Na Nc,請益
88,qazsd,天際線,[請益]RDP到VDI後在ssh到Linux VM,2022-09-23 13:58:22,59.124.166.120,Hsinchu,Taiwan,15,1,25,https://www.ptt.cc/bbs/Soft_Job/M.1663912705.A.EE0.html,Soft_Job_2022_9,請益 後,VB Ng,請益
89,Coaltit,....,Re: [徵才] 林試所誠徵 科技部計畫碩士級研究助理,2022-09-22 06:07:08,114.43.1.190,Taoyuan District,Taiwan,0,0,3,https://www.ptt.cc/bbs/Soft_Job/M.1663798029.A.3DF.html,Soft_Job_2022_9,徵才 林試所 誠徵 科技部 計畫 碩士級 研究 助理,VA Nc VC Nc Na Na Nv Na,徵才
90,Rubyfish,過去的已不再重要,[徵才] 美商無極資本Senior Full Stack Engineer,2022-09-22 05:32:29,101.10.108.226,New Taipei,Taiwan,2,1,10,https://www.ptt.cc/bbs/Soft_Job/M.1663795955.A.43A.html,Soft_Job_2022_9,徵才 美商 無極 資本,VA Na A Na,徵才
91,MOONY135,談無慾,[公告] GameHeven無關軟體版進行刪文,2022-09-20 21:55:00,123.193.193.155,New Taipei,Taiwan,0,0,0,https://www.ptt.cc/bbs/Soft_Job/M.1663682102.A.B02.html,Soft_Job_2022_9,公告 無關 軟體版 進行 刪文,VE VH Na VC VB,公告
92,vincentfish,天下無敵,[請益] offer 請益,2022-09-20 19:11:02,123.194.42.114,Beixing,Taiwan,18,1,10,https://www.ptt.cc/bbs/Soft_Job/M.1663672264.A.7AB.html,Soft_Job_2022_9,請益 請益,VB VB,請益
93,c800910,c800910,[請益] 非本科offer請益,2022-09-19 13:51:29,125.228.165.6,,Taiwan,15,0,16,https://www.ptt.cc/bbs/Soft_Job/M.1663566691.A.482.html,Soft_Job_2022_9,請益 非 本 科 請益,VB VG Nes Na VB,請益
94,h30306,東坡肉球,[請益] Offer請益,2022-09-19 03:55:47,223.140.225.7,Keelung,Taiwan,7,0,5,https://www.ptt.cc/bbs/Soft_Job/M.1663530949.A.378.html,Soft_Job_2022_9,請益 請益,VB VB,請益
95,abc5555,前進,[心得] 產品人的坑(三)-大公司的危險深水,2022-09-18 22:08:05,61.227.71.109,Chiayi City,Taiwan,12,1,4,https://www.ptt.cc/bbs/Soft_Job/M.1663510087.A.336.html,Soft_Job_2022_9,心得 產品人 坑 ( 三 大 公司 危險 深水,Na Na Na Neu Neu VH Nc VH VH,心得
96,appleboy46,小惡魔,[心得] 三款好用的繪圖工具 (系統架構流程圖),2022-09-18 11:15:26,123.110.136.13,Beixing,Taiwan,17,0,4,https://www.ptt.cc/bbs/Soft_Job/M.1663470930.A.DCC.html,Soft_Job_2022_9,心得 三 款 好用 繪圖 工具 系統 架構 流程圖,Na Neu Nf VH VA Na Na Na Na,心得
97,zanyking,最後的六年級生,Re: [討論] 10年前資工畢業生留在軟體業的多嗎,2022-09-18 10:39:04,123.194.158.240,New Taipei,Taiwan,9,0,7,https://www.ptt.cc/bbs/Soft_Job/M.1663468749.A.AB8.html,Soft_Job_2022_9,討論 年 前 資工 畢業生 留在 軟體業 多,VE Nf Ng Na Na VCL Na VH,討論
98,chiaohuang,宅男一枚,[請益] 可以截圖標記的軟體,2022-09-17 19:18:16,125.228.159.170,,Taiwan,32,0,41,https://www.ptt.cc/bbs/Soft_Job/M.1663413498.A.F5F.html,Soft_Job_2022_9,請益 截圖 標記 軟體,VB Na VC Na,請益
99,asususer,asususer,Re: [討論] 10年前資工畢業生留在軟體業的多嗎,2022-09-17 15:34:36,39.9.166.16,New Taipei,Taiwan,14,1,24,https://www.ptt.cc/bbs/Soft_Job/M.1663400078.A.2A6.html,Soft_Job_2022_9,討論 年 前 資工 畢業生 留在 軟體業 多,VE Nf Ng Na Na VCL Na VH,討論
100,elements,元素,Re: [討論] Leetcode 是否該列入學校必修？,2022-09-17 03:51:22,94.140.8.105,,Germany,18,0,34,https://www.ptt.cc/bbs/Soft_Job/M.1663357884.A.4EA.html,Soft_Job_2022_9,討論 列入 學校 必修,VE VJ Nc A,討論
101,comicat,可米貓,[請益] offer 請益,2022-09-16 19:47:40,49.216.51.51,Taichung City,Taiwan,3,1,38,https://www.ptt.cc/bbs/Soft_Job/M.1663328864.A.FA3.html,Soft_Job_2022_9,請益 請益,VB VB,請益
102,JasperChang,PeterChou,[討論] Leetcode 是否該列入學校必修？,2022-09-16 19:30:54,114.198.174.89,New Taipei,Taiwan,43,21,81,https://www.ptt.cc/bbs/Soft_Job/M.1663327856.A.A11.html,Soft_Job_2022_9,討論 列入 學校 必修,VE VJ Nc A,討論
103,SZBZ,北投金城武,[情報] 金融就業職訓-證券期貨交易人才訓練班,2022-09-16 16:32:00,59.115.160.178,New Taipei,Taiwan,0,0,0,https://www.ptt.cc/bbs/Soft_Job/M.1663317121.A.C68.html,Soft_Job_2022_9,情報 金融 就業 職訓 證券 期貨 交易 人才 訓練班,Na Na VA Na Na Na Na Na Nc,情報
104,w180112,[NOOB]我超RETARD我超廢 ,[請益] 職涯發展方向,2022-09-16 14:50:02,103.252.202.50,Singapore,Singapore,4,0,13,https://www.ptt.cc/bbs/Soft_Job/M.1663311004.A.F56.html,Soft_Job_2022_9,請益 職涯 發展 方向,VB Na VC Na,請益
105,applebg,Noble Wolf,[討論] 覺得自己沒有成長呢。,2022-09-16 13:33:53,220.134.5.239,New Taipei,Taiwan,7,18,14,https://www.ptt.cc/bbs/Soft_Job/M.1663306436.A.C89.html,Soft_Job_2022_9,討論 覺得 自己 成長,VE VK Nh VH,討論
106,peter98,專嗆沒邏輯的人,Re: [討論] 10年前資工畢業生留在軟體業的多嗎,2022-09-16 11:41:55,73.195.162.171,Jersey City,United States,31,2,41,https://www.ptt.cc/bbs/Soft_Job/M.1663299745.A.E3F.html,Soft_Job_2022_9,討論 年 前 資工 畢業生 留在 軟體業 多,VE Nf Ng Na Na VCL Na VH,討論
107,pfii1997119, ,[請益] 刷題及工作的語言選擇,2022-09-10 16:23:53,114.25.192.37,New Taipei,Taiwan,18,0,42,https://www.ptt.cc/bbs/Soft_Job/M.1662798235.A.7BA.html,Soft_Job_2022_9,請益 工作 語言 選擇,VB VA Na VC,請益
108,superitman66,大大大,[請益] 移居中國大陸 求職闖天下 誰是利劍?,2022-09-10 14:40:19,114.40.19.79,Kaohsiung City,Taiwan,11,10,42,https://www.ptt.cc/bbs/Soft_Job/M.1662792036.A.B63.html,Soft_Job_2022_9,請益 移居 中國 大陸 求職 闖 天下 誰 利 劍,VB VCL Nc Nc VA VC Nc Nh VH Na,請益
109,school5566,千年大嫌者,[請益] 錄取沒用過的語言會去做嗎？,2022-09-10 13:25:26,36.229.124.59,New Taipei,Taiwan,29,9,44,https://www.ptt.cc/bbs/Soft_Job/M.1662787528.A.9E7.html,Soft_Job_2022_9,請益 錄取 語言 做,VB VC Na VC,請益
110,prince101,秋意,[討論]KKday員工跳槽對手Klook／前經理涉竊密30 ,2022-09-10 08:36:31,36.229.233.249,New Taipei,Taiwan,9,0,15,https://www.ptt.cc/bbs/Soft_Job/M.1662770195.A.127.html,Soft_Job_2022_9,討論 員工 跳槽 對手 前經理 涉竊 密 30,VE Na VA Na Nes VK VH Neu,討論
111,applebg,Noble Wolf,Re: [請益] Data Analyst跟Data Scientist差很多嗎？,2022-09-10 05:47:07,114.140.97.233,,Taiwan,1,2,15,https://www.ptt.cc/bbs/Soft_Job/M.1662760043.A.609.html,Soft_Job_2022_9,請益 差 很多,VB VH Neqa,請益
112,hans33,阿閒閒,[請益] 新工作請益(信邦和捷而思),2022-09-08 13:37:14,42.79.184.239,,Taiwan,6,0,11,https://www.ptt.cc/bbs/Soft_Job/M.1662615436.A.7BC.html,Soft_Job_2022_9,請益 新 工作 請益 信邦 捷而思,VB VH Na VB Nb Nb,請益
113,linda780123,暱稱,[徵才] 美商MobLab徵網頁 UI 設計師,2022-09-07 21:44:59,220.129.56.177,New Taipei,Taiwan,0,1,5,https://www.ptt.cc/bbs/Soft_Job/M.1662558301.A.7F1.html,Soft_Job_2022_9,徵才 美商 徵 網頁 設計師,VA Na VC Na Na,徵才
